{"random_forest": {"correction": 0.3333333333333333, "imperative": 0.6470588235294118, "interrogative": 0.9047619047619048, "negative": 0.32, "other": 0.6, "positive": 0.9166666666666666}, "linear_regression": {"correction": 0.6666666666666666, "imperative": 0.6862745098039216, "interrogative": 0.8690476190476191, "negative": 0.32, "other": 0.2571428571428571, "positive": 0.9791666666666666}, "knn": {"correction": 0.3333333333333333, "imperative": 0.49019607843137253, "interrogative": 0.5119047619047619, "negative": 0.16, "other": 0.2571428571428571, "positive": 0.9375}, "kernal_svc": {"correction": 0.0, "imperative": 0.5882352941176471, "interrogative": 0.8809523809523809, "negative": 0.24, "other": 0.2, "positive": 0.9375}, "decision_tree": {"correction": 0.3333333333333333, "imperative": 0.5686274509803921, "interrogative": 0.8452380952380952, "negative": 0.36, "other": 0.6857142857142857, "positive": 0.8194444444444444}}