{
    "random_forest": {
        "correction": 0.75,
        "imperative": 0.7446808510638298,
        "interrogative": 0.8933333333333333,
        "negative": 0.43478260869565216,
        "other": 0.64,
        "positive": 0.8775510204081632
    },
    "linear_regression": {
        "correction": 0.0,
        "imperative": 0.3617021276595745,
        "interrogative": 0.6266666666666667,
        "negative": 0.0,
        "other": 0.0,
        "positive": 0.9931972789115646
    },
    "knn": {
        "correction": 0.5,
        "imperative": 0.6170212765957447,
        "interrogative": 0.72,
        "negative": 0.2608695652173913,
        "other": 0.24,
        "positive": 0.9183673469387755
    },
    "kernal_svc": {
        "correction": 0.0,
        "imperative": 0.5319148936170213,
        "interrogative": 0.6,
        "negative": 0.0,
        "other": 0.0,
        "positive": 0.9659863945578231
    },
    "decision_tree": {
        "correction": 1.0,
        "imperative": 0.723404255319149,
        "interrogative": 0.84,
        "negative": 0.43478260869565216,
        "other": 0.68,
        "positive": 0.8027210884353742
    }
}