{"random_forest": {"correction": 0.3333333333333333, "imperative": 0.6274509803921569, "interrogative": 0.8928571428571429, "negative": 0.32, "other": 0.6, "positive": 0.9027777777777778}, "linear_regression": {"correction": 0.6666666666666666, "imperative": 0.6274509803921569, "interrogative": 0.8809523809523809, "negative": 0.28, "other": 0.2571428571428571, "positive": 0.9791666666666666}, "knn": {"correction": 0.6666666666666666, "imperative": 0.43137254901960786, "interrogative": 0.5833333333333334, "negative": 0.16, "other": 0.17142857142857143, "positive": 0.9513888888888888}, "kernal_svc": {"correction": 0.0, "imperative": 0.5882352941176471, "interrogative": 0.8809523809523809, "negative": 0.24, "other": 0.17142857142857143, "positive": 0.9375}, "decision_tree": {"correction": 0.3333333333333333, "imperative": 0.5686274509803921, "interrogative": 0.8690476190476191, "negative": 0.32, "other": 0.6571428571428571, "positive": 0.8333333333333334}}